Sales Date,Sales Amount,Color,Untitled
14-Aug-15,69,Red ,MISSING
15-Aug-15,60,Blue ,MISSING
16-Aug-15,n/a,N/A,MISSING
17-Aug-15,81,GREEN,MISSING
18-Aug-15,81,N/A,MISSING
19-Aug-15,n/a,N/A,MISSING
20-Aug-15,61,N/A,MISSING
21-Aug-15,78,ORANGE,MISSING
22-Aug-15,76,YELLOW,MISSING
23-Aug-15,n/a,N/A,MISSING
24-Aug-15,79,ORANGE,MISSING
25-Aug-15,66,Red ,MISSING
26-Aug-15,75,Green,MISSING
27-Aug-15,65,Blue ,MISSING
28-Aug-15,61,YELLOW,MISSING
29-Aug-15,69,ORANGE,MISSING
30-Aug-15,72,GREEN,MISSING
31-Aug-15,79,N/A,MISSING
1-Sep-15,n/a,N/A,MISSING
2-Sep-15,70,N/A,MISSING
3-Sep-15,57,GREEN,MISSING
4-Sep-15,76,N/A,MISSING
5-Sep-15,71,BLUE ,MISSING
6-Sep-15,60,RED ,MISSING
7-Sep-15,70,Orange,MISSING
8-Sep-15,53,yellow,MISSING
9-Sep-15,65,Red ,MISSING
10-Sep-15,n/a,Blue ,MISSING
11-Sep-15,54,N/A,MISSING
12-Sep-15,63,GREEN,MISSING
13-Sep-15,54,N/A,MISSING
14-Sep-15,81,N/A,MISSING
15-Sep-15,78,N/A,MISSING
16-Sep-15,75,ORANGE,MISSING
17-Sep-15,70,YELLOW,MISSING
18-Sep-15,82,N/A,MISSING
19-Sep-15,n/a,ORANGE,MISSING
20-Sep-15,60,Red ,MISSING
21-Sep-15,79,Green,MISSING
22-Sep-15,81,Blue ,MISSING
23-Sep-15,81,YELLOW,MISSING
24-Sep-15,80,ORANGE,MISSING
25-Sep-15,62,GREEN,MISSING
26-Sep-15,79,N/A,MISSING
27-Sep-15,65,N/A,MISSING
28-Sep-15,n/a,N/A,MISSING
29-Sep-15,73,GREEN,MISSING
30-Sep-15,75,N/A,MISSING
1-Oct-15,60,BLUE ,MISSING
2-Oct-15,80,RED ,MISSING
3-Oct-15,71,Orange,MISSING
4-Oct-15,80,yellow,MISSING
5-Oct-15,55,Red ,MISSING
6-Oct-15,62,Blue ,MISSING
7-Oct-15,68,N/A,MISSING
8-Oct-15,60,GREEN,MISSING
9-Oct-15,61,N/A,MISSING
10-Oct-15,57,N/A,MISSING
11-Oct-15,60,N/A,MISSING
12-Oct-15,n/a,ORANGE,MISSING
13-Oct-15,66,YELLOW,MISSING
14-Oct-15,54,N/A,MISSING
15-Oct-15,57,ORANGE,MISSING
16-Oct-15,57,Red ,MISSING
17-Oct-15,55,Green,MISSING
18-Oct-15,61,Blue ,MISSING
19-Oct-15,79,YELLOW,MISSING
20-Oct-15,64,ORANGE,MISSING
21-Oct-15,78,GREEN,MISSING
22-Oct-15,66,N/A,MISSING
23-Oct-15,77,N/A,MISSING
24-Oct-15,73,N/A,MISSING
25-Oct-15,81,GREEN,MISSING
26-Oct-15,62,N/A,MISSING
27-Oct-15,67,BLUE ,MISSING
28-Oct-15,66,RED ,MISSING
29-Oct-15,n/a,Orange,MISSING
30-Oct-15,56,yellow,MISSING
31-Oct-15,59,Red ,MISSING
1-Nov-15,61,Blue ,MISSING
2-Nov-15,72,N/A,MISSING
3-Nov-15,73,GREEN,MISSING
4-Nov-15,56,N/A,MISSING
5-Nov-15,65,N/A,MISSING
6-Nov-15,77,N/A,MISSING
7-Nov-15,59,ORANGE,MISSING
8-Nov-15,74,YELLOW,MISSING
9-Nov-15,78,N/A,MISSING
10-Nov-15,n/a,ORANGE,MISSING
11-Nov-15,74,Red ,MISSING
12-Nov-15,56,Green,MISSING
13-Nov-15,80,Blue ,MISSING
14-Nov-15,54,YELLOW,MISSING
15-Nov-15,62,N/A,MISSING
16-Nov-15,60,GREEN,MISSING
17-Nov-15,65,N/A,MISSING
18-Nov-15,68,N/A,MISSING
19-Nov-15,68,N/A,MISSING
20-Nov-15,80,GREEN,MISSING
21-Nov-15,79,N/A,MISSING